boost_airrecyclingefficiency | Air Recycling Efficiency +*X% | Эффективность Переработки Воздуха +*X%
boost_dronespeed | Drone Top Speed +*X% | Максимальная Скорость Дронов +*X%
boost_harvestingyield | Crop Yield +*X% | Урожайность +*X%
boost_reactorefficiency | Reactor Efficiency +*X% | Эффективность Реактора +*X%
boost_recyclingefficiency | Recycling Efficiency *X% | Эффективность Переработки *X%
boost_robotarmspeed | Robot Arm Speed +*X% | Скорость Руки Робота +*X%
boost_smelterefficiency | Smelter Efficiency +*X% | Эффективность Плавильной Печи +*X%
boost_trackspeed | Track Speed +*X% | Скорость Конвейера +*X%
boost_wasterecyclingefficiency | Waste Recycling Efficiency +*X% | Эффективность Переработки Отходов +*X%
boost_waterrecyclingefficiency | Water Recycling Efficiency +*X% | Эффективность Переработки Воды +*X%
