origin_community | COMMUNITY | СООБЩЕСТВО
origin_official | OFFICIAL | ОФИЦИАЛЬНЫЙ
origin_shipcommunity | COMMUNITY SHIPS | КОРАБЛИ СООБЩЕСТВА
origin_shipofficial | OFFICIAL SHIPS | ОФИЦИАЛЬНЫЕ КОРАБЛИ
origin_shipsteam | SUBSCRIBED SHIPS ON STEAM WORKSHOP | ПОДПИСАННЫЕ КОРАБЛИ ИЗ МАСТЕРСКОЙ STEAM
origin_shipsteamuser | SHIPS UPLOADED TO STEAM WORKSHOP | КОРАБЛИ ЗАГРУЖЕННЫЕ В МАСТЕРСКУЮ STEAM
origin_shipuser | PLAYER-MADE SHIPS | ПОЛЬЗОВАТЕЛЬСКИЕ КОРАБЛИ
origin_steam | SUBSCRIBED ON STEAM WORKSHOP | ПОДПИСКА ИЗ МАСТЕРСКОЙ STEAM
origin_steamuser | UPLOADED TO STEAM WORKSHOP | ЗАГРУЖЕНО В МАСТЕРСКУЮ STEAM
origin_user | PLAYER-MADE | ПОЛЬЗОВАТЕЛЬСКИЙ
